Group,Game
2d,Chicken Invaders Universe
2d,Mystika 3 : Awakening of the dragons
2d,Alex's Hope & Alex's Solitude
2d,Realm of the Mad God Exalt
2d,Kraken Academy!!
2d,Fantasy Jigsaw Puzzles
2d,Picma - Picture Enigmas
2d,Wild West Saga: Idle Tycoon Clicker
2d,Fork Parker's Holiday Profit Hike
2d,Alien Cafe
2d,Command Ops 2 Core Game
2d,Project Zomboid
2d,Blacksmith Weapon Merchant
2d,Dodge It! 2
2d,Pixel Art Coloring Book
2d,GunStar's Gambit
2d,Spaceship Racer: Portal
2d,Ranocta
2d,DAMNOSAUR
2d,Kota`s New Journey
2d,Leaf Blower Revolution - Idle Game
2d,Cubic Castles
2d,Transformice
2d,ToS Gamepad Tester
2d,Time Break Chronicles
2d,"I Have No Mouth, and I Must Scream"
2d,DREAD IT
2d,RUKIMIN's Disappointing Adventure!
2d,8-Bit Adventures 1: The Forgotten Journey Remastered Edition
2d,Coins
2d,Cardeneer
2d,Warage
2d,Doomsday: Last Survivors
2d,Yume Nikki
2d,The World of Kungfu: Dragon and Eagle
2d,Reverse: 1999
2d,Simutrans
2d,Robbie's Tale
2d,Alaska Solitaire Classic Card Game
2d,Scribble It!
2d,Idle Slayer
2d,Purrgatory
2d,Dog Clicker
2d,Super Crate Box
2d,Rise of the Penguins GB
2d,Two Colours
2d,Starborne: Frontiers
2d,Star Fetchers
2d,Artificial Fashionista
2d,Lucid: Parables of the Ubermensch
2d,Kira‚òÜKano
2d,Egg Surprise
2d,Banana Cat
2d,Realm Grinder
2d,Clicker Heroes
2d,Gearbits: Gear Angels
2d,City Game Studio: Your Game Dev Adventure Begins
2d,Tower Ball - Incremental Tower Defense
2d,Endless Sky
2d,Mutants: Genesis
2d,Pages of Time: Prologue
2d,Travel Riddles: Mahjong
2d,Literally Just Pixels On A Screen
2d,ÁÆ±Â∫≠Â∞èÁõ∏Êí≤
2d,PolyTap
2d,Batography
2d,Keep It Steady!
2d,Catwifhat
2d,Sucker for Love: First Date
2d,5050
2d,Sputnika Game
2d,SYNTHETIK: Arena
2d,Subspace Continuum
2d,Rainy Day
2d,MineSweeper Tetris
2d,Rugby Tycoon Rugby Rovigo Delta
2d,DeltaBlade 2700 Re:Create
2d,Sir Fallen
2d,XO Evolved
2d,Asgard's Fall: Origins
2d,Wordle
2d,Vacuum Warrior - Idle Game
2d,9 Years of Shadows
2d,A Rose in the Twilight
2d,Death Rally (Classic)
2d,DummyDoodle
2d,Orbital Gear
2d,Active Neurons - Wonders Of The World
2d,Tower Keepers
2d,Paint By Numbers
2d,Novus Orbis
2d,Growtopia
2d,"Cafe Dash: Cooking, Diner Game"
2d,Spin City
2d,Baby Coyote
2d,Heros and Monsters: Idle Incremental
2d,Flowers Blooming at the End of Summer
2d,Pocket Mirror ~ GoldenerTraum
2d,Submorse
2d,Clutter Puzzle Magazine Vol. 15 No. 1 Collector's Edition
2d,Lawyer Guy: Defender of Justice
2d,Heard There Was A Chosen One
2d,NUNNA: Prologue
2d,Elisa: The Innkeeper - Prequel
2d,Failed Ninja Academy
2d,SnekMP
2d,Confluence: An Of Sense and Soul Soliloquy
2d,Finn Dorset's Institute For Livestock Replication
2d,Despot's Game: Dystopian Battle Simulator
2d,Nice Jumper
2d,Rotosaurus Adventure
2d,FrankenStorm TD: Prologue
2d,Mitos.is: The Game
2d,Play And Pray
2d,Dead Maze
2d,Morimens
2d,Just Click The Button
2d,Samsara Room
2d,SAS: Zombie Assault 4
2d,Low Oxygen
2d,Art Diff
2d,Blossoms Bloom Brightest
2d,Metal Waltz: Anime tank girls
2d,Gravels of Endless War
2d,Door Game Deluxe
2d,Learn to Fly 3
2d,Pacifish
2d,MapleStory
2d,CatBallGravityMaze
2d,FFFL: Brutalball Manager
2d,Radial Flow
2d,Scott Pilgrim vs. The World‚Ñ¢: The Game ‚Äì Complete Edition
2d,My succubus Kukula
2d,Bongo Cat
2d,The Jeffy Game
2d,ÈáçÁîü‰πãÊàëÊòØÂ∞èËôæÁ±≥
2d,The Happyhills Homicide
2d,Slava Ukraini!
2d,DONG WU: ODYSSEY
2d,The Infinity Road
2d,Pixel Cross Stitch Color by Number
2d,Dr. COG
2d,Midnight Dash
2d,Cave Story's Secret Santa
2d,Charon's Crossing
2d,Hidden Cats: City
2d,OpenTTD
2d,The Mad Pantser
2d,UPGRADE 2021-22 - Bionic Traveler
2d,The Panic Room. House of secrets
2d,Rogue Glitch Ultra
2d,Wyrmsun
2d,Particle Fleet: Emergence
2d,Rogue Agent
2d,Melon Clicker
2d,The Powder Toy
2d,Animation Throwdown: The Quest for Cards
2d,No Questions Asked
2d,Tear and the Library of Labyrinths
2d,Strongblade - Puzzle Quest and Match-3 Adventure
2d,Cats and Seek: Osaka
2d,Hello Charlotte EP3: Childhood's End
2d,WEEB
2d,Crowd Control
2d,Wood and Flesh: A Candleforth Short Story
2d,My Free Zoo
2d,Solaris
2d,Cosmic Clash
2d,Deluge: Sermon for the Dead
2d,Guardians: Royal Journey
2d,Knights and Merchants
2d,Tummy Bonbons The Sweet Monster
2d,Galaxy Idle Clicker
2d,Island Clicker
2d,"The Princess, the Stray Cat, and Matters of the Heart"
2d,Along the River During the Qingming Festival
2d,Alter World
2d,Naev
2d,Overboard!
2d,WOMG Lite version
2d,Tribe Dash - Stone Age Time Management
2d,Hyperchannel
2d,Bloobs Adventure Idle
2d,Battle for Wesnoth
2d,Splash Carnival
2d,Lords of Kingdoms
2d,Midnight Renegade
2d,Êù±ÊñπÂÇ¨ÁãêË≠ö ÔΩû Servants of Harvest Wish
2d,The Defender: Farm and Castle
2d,Resonance of the Ocean
2d,Amalgamare
2d,SUPER RECOILFIGHT
2d,Samorost 1
2d,Power Fantasy
2d,Few Nights More
2d,Past Synergy
2d,Through the Ages
2d,Goose Goose Duck
2d,Donut Adventure
2d,DEVICE 0101
2d,Cards of the Dead - Prologue
2d,Ancient Saga: Vikings Journey
2d,NGU INDUSTRIES
2d,Project Oc√©ara
2d,Future Fortune
2d,The Expendabros
2d,One Way Heroics
2d,Tiki Brawl
2d,Knock Harder: Useless
2d,Is It Wrong to Try to Shoot 'em Up Girls in a Dungeon?
2d,Elements of Dreams
2d,Bread & Fred
2d,Ultimate Chicken Horse
2d,Demise of Nations
2d,Nell Watson's Founder Life
2d,Clash of Legions
2d,Genopanic: Prologue
2d,SDIES
2d,Pixel Puzzles Ultimate Jigsaw Puzzles
2d,Cats are Liquid - A Light in the Shadows
2d,Limbus Company
2d,ÊäòÂ∞ÑÂ§ßÂ∏àÔºàMaster of refractionÔºâ
2d,TDP4: Team Battle
2d,Tap Wizard 2
2d,Battle Islands
2d,Exiled Survivors
2d,Fomon
2d,California Escapades
2d,Bounce Ball Blitz
2d,Escape Lala 2 - Retro Point and Click Adventure
2d,Stacks:Jungle!
2d,Ê±âÊú´Èú∏‰∏öÂÖçË¥πÁâà
2d,Melodramatica
2d,"Happy New Year, Zeliria!"
2d,Arcanists
2d,Project Hospital
2d,Tip of the Tongue
2d,Soccer Manager 2021
2d,Awaria
2d,Wild Ones Battle Stadium
2d,BattleBlock Theater¬Æ
2d,Touhou¬†Hero¬†of¬†Ice¬†Fairy
2d,Overshadow
2d,Sky End Market
2d,Warhammer Combat Cards
2d,Never Split the Party
2d,BirdGut
2d,Idle Sphere
2d,Lennod Jump Game
2d,Farming Fever - Pizza and Burger Cooking game
2d,DRAGON QUEST¬Æ XI S: Echoes of an Elusive Age‚Ñ¢ - Definitive Edition
2d,Touhou Juuouen „Äú Unfinished Dream of All Living Ghost.
2d,Help Will Come Tomorrow
2d,VEGA Conflict
2d,Cursed Treasure 2 Ultimate Edition - Tower Defense
2d,Ball Drop
2d,Geometry Wars: Retro Evolved
2d,Dead by Skill Check
2d,Fishing Zone
2d,Pajama Sam: No Need to Hide When It's Dark Outside
2d,Wordle 4
2d,8Bit Fiesta - The Drinking Game
2d,There Is No Game: Jam Edition 2015
2d,Potion Craft: Alchemist Simulator
2d,Pairs & Perils
2d,UNILOGUE
2d,Coloring Game: Little City
2d,Smashing Simulator Idle
2d,Descent from Arkov's tower Prologue
2d,Refind Self: The Personality Test Game
2d,External Visions
2d,DOCAAY
2d,Echocalypse: The Scarlet Covenant
2d,To The Core
2d,Banana Girls
2d,Banana-Shaped
2d,Sheepers
2d,A Dance of Fire and Ice
2d,GRR BOO I
2d,Six Braves üïå
2d,My Therapy
2d,Down Word
2d,Graphwar
2d,Xuan-Yuan Sword: Mists Beyond the Mountains
2d,Free Solitaire
2d,Fried Panic
2d,Nothing Together
2d,The Last Faith
2d,Keyboard Warrior: Dreamstate Prologue
2d,Astonia Remastered
2d,Revolution Idle
2d,Fantasy World Souls
2d,Boring Movies
2d,Rayadium
2d,Rise Of The White Sun
2d,Criminal Archives: Alphabetic Murders Collector's Edition
2d,Idle Heros
2d,Geometry May. I swear it's a nice free game
2d,Unforgettable You
2d,Roskis: A Boozy Beginning
2d,Hollow Survivors: Prologue
2d,Socrates Jones: Pro Philosopher
2d,There Is No Game: Wrong Dimension
2d,Milk outside a bag of milk outside a bag of milk
2d,Rising Hell - Prologue
2d,We Become What We Behold [Fan-Made Port]
2d,Coloring Pixels
2d,0Gravity
2d,HackHub: Free Trial
2d,Farm Empire
2d,Magic Rampage
2d,Pepper Grinder
2d,Plants vs. Zombies GOTY Edition
2d,Super Raft Boat Together
2d,TRIBE NINE
2d,Áê≥Áê≥
2d,Narcissu 1st & 2nd
2d,Calturin and Clone
2d,Whispering Shadows
2d,Idle Dice 2
2d,NERTS! Online
2d,Goo Gladiators
2d,UFO 50
2d,JosPlays' Escape - GameJam April 2024
2d,Rolling Valley
2d,Emily is Away <3
2d,Territory Idle
2d,Rise of the Third Power
2d,Card Storm Idle
2d,I commissioned some invisible people 0
2d,Hammerfight
2d,Soul Guardians
2d,Chadgeon: Enjoyers Edition+
2d,Idle Monster TD
2d,Boring Man - Online Tactical Stickman Combat
2d,Vault of the Void
2d,Floating Point
2d,Warspear Online
2d,Idle Cave Miner
2d,Banana Monkeys
2d,Yu-Gi-Oh! Master Duel
2d,Sheepy: A Short Adventure
2d,"i love me, i love me not"
2d,Rubbish
2d,StarBreak
2d,Vamps For The Memories
2d,Nonogram Kingdom
2d,Aberoth
2d,Astroball
2d,Mobile Astro
2d,SpeedRunners
2d,Cat Colony Crisis
2d,Meridian 157: Prologue
2d,DYO
2d,Bike Dash Excite!
2d,Idle Weaponshop
2d,Heart Clicker
2d,Recoiled
2d,Bits at Work
2d,Gridlink
2d,Hop N' Swap
2d,Sakura Clicker
2d,The Old Tree
2d,Realm of Alters
2d,Ninja Hanrei
2d,Emoji Clicker
2d,Max Gentlemen Sexy Business!
2d,The Hardest Game Ever
2d,Chess'Extra
2d,OxRox
2d,8BitMMO
2d,Valiant Hearts: The Great War‚Ñ¢ / Soldats Inconnus : M√©moires de la Grande Guerre‚Ñ¢
2d,OneBit Adventure
2d,SuperTux
2d,Have a Nice Death
2d,Abalyte
2d,Idle Atomic
2d,Tap Shap - The World's First Multi-platform Reaction Game
2d,Burger Kombat
2d,Helltaker
2d,Soda Dungeon 2
2d,CROSS X CARROT
2d,Majula Frontier: The Offense
2d,Crossing Souls
2d,Feed the Cups
2d,Spartans Vs Zombies Defense
2d,Planetka
2d,NEEDY STREAMER OVERLOAD: Typing of The Net
2d,Pixel Collector
2d,Aurora Hills: Chapter 1
2d,Idle Research
2d,Flag Clicker
2d,The Good Time Garden
2d,CoinForge
2d,Á°¨Â∏Å‰∏é‰ªô‰∫∫Êéå (Coins & Wishpalm)
2d,Idle Champions of the Forgotten Realms
2d,iBasket Manager 3 - Online Basketball Manager
2d,World of Talesworth: Idle MMO Simulator
2d,Castle Clicker : Idle City Tycoon
2d,1 Screen Platformer: Prologue
2d,Epic Battle Fantasy 5
2d,Polygunners
2d,Istrolid
2d,Papa's Pizzeria Deluxe
2d,Wizard And Minion Idle
2d,THE BUTTON by Elendow
2d,Naomi Clicker
2d,Labyrinth of Galleria: The Moon Society
2d,Fruit Salad
2d,Shiren the Wanderer: The Tower of Fortune and the Dice of Fate
2d,Bubble People
2d,Game For Anna
2d,Infected Shelter
2d,Dash Realm
2d,Cureocity
2d,Charles the Bee
2d,Touhou Artificial Dream in Arcadia
2d,Chess Opening Repertoire Builder
2d,Cooking Live - Italian Kitchen Simulator
2d,Idle Campaign
2d,Reginald's Death Arena
2d,Lethal League Blaze
2d,Knock on the Coffin Lid
2d,World Series of Poker Game - WSOP
2d,Party Jousting
2d,Chess 'n' Blocks
2d,Steam Engine Simulator
2d,Eggz - Collectible Eggs Clicker
2d,Buriedbornes2 - Dungeon RPG -
2d,Tap Ninja - Idle game
2d,Pushing POPO
2d,Tenno
2d,Water Rain
2d,Dodge It!
2d,Twisted Worlds
2d,Protostar Twilight
2d,FIND ALL: Christmas
2d,Health Insurance Claim Denier
2d,The Last Man Survivor: Prologue
2d,FTL: Faster Than Light
2d,Dungeon Team
2d,Kaion Tale MMORPG
2d,Syn-Chorus 01: The New Life
2d,Five Nights at Freddy's: Into the Pit
2d,Magic Archery
2d,From Nava
2d,20 Small Mazes
2d,Rival Rampage
2d,Space Travel Idle
2d,Apples And Bananas
2d,Bloody Hell
2d,Casual Spider Solitaire
2d,Martial Law
2d,Mr. Hopp's Playhouse
2d,HIDDEN CATS: The last of cats
2d,Oneiro Man
2d,Idle Clans
2d,ScarQuest
2d,The Navigator
2d,TOOK: The Immortal Hero
2d,Steep Slopes
2d,"Please, Touch The Artwork 2"
2d,Ultra Sweeper
2d,The Nameless: Slay Dragon
2d,Not A Banana: Capybara
2d,Mystery Society 2: Hidden Puzzles
2d,Cyber Manhunt 2: New World - The Hacking Simulator
2d,Amazething
2d,Castle Doombad Classic
2d,Shotgun Witch
2d,Fairy Tale Mysteries 2: The Beanstalk
2d,What if George Washington was a Girl?
2d,Coloring Game 3
2d,EXCALIBURIAN!!
2d,Ms.Director
2d,Gems of War - Puzzle RPG
2d,Everlasting Abundance
2d,Symphony of War: The Nephilim Saga
2d,Deep Lake: Prologue
2d,FACE LOVE: Face Designer
2d,Soccer Manager 2025
2d,Space Travel Jigsaw Puzzles
2d,Holyday City: Reloaded
2d,ADDRESS1
2d,Solridge
2d,Abathor - Atlantis Landing
2d,Idle Monkeylogy
2d,Out of the Park Baseball 25
2d,RPG MO
2d,Sefirot Shards
2d,Hyperhell
2d,To Carry a Sword
2d,Cataclysm: Dark Days Ahead
2d,Pink Hour
2d,Zero IDLE
2d,Letter Lancers: Prologue
2d,Epic Dragon
2d,Valdis Story: Abyssal City
2d,Bubbles the Cat
2d,Andor - Wrecking Dawn
2d,Nickelodeon All-Star Brawl 2
2d,Idol Showdown
2d,Outcore: Desktop Adventure
2d,Tennis Club Story
2d,Uptasia
2d,Lunar Mirror:The Pavilion of Desire
2d,Merge ETO
2d,Pet Crossing
2d,Ball at Work: The Ultimate Speedrun Platformer!
2d,At Home Alone Final
2d,Mizi NO!
2d,Among Ripples
2d,Chess Evolved Online
2d,Mangoo
2d,Êù±ÊñπÁú†‰∏ñÁïå ~ Wonderful Waking World
2d,OnmyojiÔºöthe card game
2d,THE KING OF FIGHTERS '98 ULTIMATE MATCH FINAL EDITION
2d,Meteor 60 Seconds!
2d,Casino Box
2d,Notanote
2d,Idling to Rule the Gods
2d,One Night at Barneys 3
2d,The Mirror Lied
2d,The Stranded Traveler
2d,Raji: Prologue
2d,Infernax
2d,Arcane Rush
2d,Áß¶ÊÆá (Prince of Qin)
2d,Shattered Void
2d,Baldwin's Bear
2d,Born Again
2d,Crusaders of the Lost Idols
2d,Deep Eclipse: New Space Odyssey
2d,PalSync
2d,Costly Adventure
2d,The Crack (Â£≥‰∏≠‰πãÁâ©Ôºâ
2d,Connected! 2
2d,Destiny Online
2d,Warlock The Bounty Hunter
2d,Conquer The Universe
2d,Coloring Book for Kids
2d,100 hidden frogs
2d,Ghostie's Escape
2d,Grimm's Hollow
2d,Mars Underground
2d,Adventure Escape Mysteries
2d,Teeworlds
2d,The Doors of Trithius
2d,Janosik 2
2d,Invisible Apartment
2d,RZR
2d,Hare Trigger
2d,CHRONO TRIGGER¬Æ
2d,4D:XD
2d,Guild Quest
2d,ÊòüÈôÖÂ∑•‰∏öÂõΩÔºöÂ¥õËµ∑
2d,Eggman
2d,Your Chronicle
2d,Slipstream: Rogue Space
2d,Wienne
2d,Squared Adventure
2d,Incremental Epic Hero 2
2d,The Mageseeker: A League of Legends Story‚Ñ¢
2d,Super Auto Pets
2d,Super Life: Franchise Lord
2d,REDHAWK Simulator
2d,HexenHold
2d,Everlasting Summer
2d,FreeCell Solitaire Classic Card Game
2d,Jigsaw Puzzle World
2d,The Laziest Person In The World Competition
2d,Hamster Combat
2d,Stardust Vanguards
2d,Daisy Dangerous
2d,I Wanna Maker
2d,Firestone: Online Idle RPG
2d,Steampunk Jigsaw Puzzles
2d,Mr.Mine
2d,Puzzle Pirates
2d,WOWOWOW KORONE BOX
2d,Eternal Ninja
2d,Niva
2d,Double Damnation
2d,Idle Pins
2d,METAL SLUG DEFENSE
2d,SoulSaverOnline
2d,Pool 2D - Poolians
2d,GunboundM
2d,Wordle 2
2d,"OH MY GOD, LOOK AT THIS KNIGHT"
2d,Airline Manager
2d,Grim Clicker
2d,RetroArch
2d,GLADOM - 2D PVP Free & Skill Based
2d,The Braves
2d,Incremental Cubes
2d,[2.0.3] MEH üñ•Ô∏è
2d,Relic Hunters Zero: Remix
2d,Holy Shit
2d,My Little Farmies
2d,Cashew Clicker
2d,GPRO - Classic racing manager
2d,Death Skid Marks
2d,Astroflux
2d,KING GOD DOMAIN
2d,The Last Train
2d,My Lands: Black Gem Hunting
2d,Â∞èÊùæÁ©øË∂äËÆ∞ Wanna Wake up?
2d,MultiVersus
2d,"Warhammer 40,000: Warpforge"
2d,Mindbug Online
2d,Fantasmigon
2d,Forgotten Hill First Steps
2d,Rabbit and Steel
2d,Yi Xian: The Cultivation Card Game
2d,Birds Adventure
2d,Without Romance
2d,ENYO Arcade
2d,Burning Requiem: Fates
2d,Touhou Danmaku Kagura Phantasia Lost
2d,Idle Skilling
2d,Eternal Dreamers
2d,Axiom Verge 2
2d,Eschalon: Book I
2d,Watermelon Game
2d,My Friend Pedro
2d,This Magical Girl is a B‚òÜtch
2d,The Lion's Song: Episode 1 - Silence
2d,WAKFU
2d,Fun with Friends and Trampolines
2d,Swallow the Sea
2d,Dodd Goes to the Museum
2d,CS2D
2d,Enigmatis 2: The Mists of Ravenwood
2d,Trick & Treat
2d,ABI-DOS
2d,Herta's Chess Game
2d,Astonishing Baseball Manager
2d,Project Rhombus
2d,Fruit Juice
2d,Dragon Clicker
2d,Summer Memories
2d,STUG
2d,Offendron Warrior
2d,Scorpion Solitaire Classic Card Game
2d,Super Bernie World
2d,"one night, hot springs"
2d,Deepworld
2d,String Theory
2d,Nyctophilia
2d,Blood Wizard Odyssey
2d,McOsu
2d,Mystery Manor: hidden objects
2d,Katana ZERO
2d,Idle Spiral
2d,For Mother Matron
2d,Shogun Showdown: Prologue
2d,Joe 'n Jo
2d,Merge Adventure: Magic Dragons
2d,Drago Noka
2d,The Cyber Masquerade
2d,Cookard
2d,Slime Mayhem
2d,King Arthur's Gold
2d,The Sandbox Evolution - Craft a 2D Pixel Universe!
2d,Stargunner
2d,Flea the Cat
2d,ENSCROLL
2d,Chroma Squad
2d,Sattelite
2d,The Long Journey Home
2d,Mini Idle Dice Monster
2d,My Sudoku
2d,Lords and Tactics
2d,Project Xenoflora
2d,Shinobi Warfare
2d,RUKIMIN's Disappointing Adventure! ~SHOBOMI AND THE PHANTOM RUINS~
2d,Plant Therapy
2d,Heartwood Online
2d,Downtown Mafia: Gang Wars
2d,Blackout Z: Slaughterhouse Edition
2d,Underworld Idle
2d,konchi
2d,Bit Heroes Quest
2d,Hydrangea
2d,Typoman
2d,GibblePETS
2d,Infinitode 2 - Infinite Tower Defense
2d,Super Hangman
2d,Iron Snout
2d,The Benza RPG
2d,Mana Maker
2d,Qorena
2d,12 bananas
2d,Fortune Cookie
2d,Hidden in Plain Sight
2d,hexceed
2d,Cube Escape: Paradox
2d,Frostrain
2d,Lu[Idle]
2d,Kingdom: Classic
2d,Pixel Starships
2d,Legacy of Defense - Prologue
2d,La Tale
2d,Dreamscape Abyss
2d,Brave Nine
2d,Pizza Clicker
2d,Phonetic
2d,Broken Sword - Shadow of the Templars: Reforged
2d,Loading Screen Simulator
2d,Jewel Run
2d,Warren The Warlock
2d,Worm.is: The Game
2d,NETHER DUNGEONS
2d,Flower Fight
2d,World of Rune
2d,Hero Zero - Multiplayer RPG
2d,Lifetakers & Heartbreakers
2d,Do Not Feed the Monkeys
2d,DDNet
2d,Quaver
2d,Click the Chick
2d,BlazBlue Entropy Effect
2d,AdVenture Capitalist
2d,My Sunny Resort
2d,Awesomenauts - the 2D moba
2d,Mission: It's Complicated
2d,Annoy This Guy
2d,Texas Hold'em Poker: Pokerist
2d,Banana
2d,Crafting Idle Clicker
2d,Beecarbonize
2d,Disavowed
2d,click to ten
2d,Mimpi Dreams
2d,Sword Rogue
2d,Snackdown
2d,Reborn: An Idle Roguelike RPG
2d,An Amazing Wizard: Prologue
2d,Fabergegg
2d,Age of Empires II: Definitive Edition
2d,Deepest Sword
2d,Hide and Seek with Noah
2d,Tales From Space: Mutant Blobs Attack
2d,Journey to the West
2d,Time Idle RPG
2d,PacaPomo
2d,Larry The Unlucky Part 1
2d,Dire Destiny : Time Travel
2d,Sim Companies
2d,Shelter from the Storm
2d,Handshakes
2d,Galaxy Burger
2d,NEKOPARA - Catboys Paradise
2d,Deep the Game
2d,Vasilisa and Baba Yaga
2d,Subspace Discovery
2d,Hades' Star
2d,Memory Quickie
2d,The Looking Stone
2d,Slurpy Derpy
2d,Illusion Carnival
2d,STRIDER‚Ñ¢ / „Çπ„Éà„É©„Ç§„ÉÄ„ÉºÈ£õÁ´ú¬Æ
2d,Legend¬†of¬†the¬†Phoenix
2d,Fly Punch Boom: First Impact!
2d,Mayhem Survivors: Animals
2d,Chip's Challenge 1
2d,Cabals: Card Blitz
2d,Shroom & Doom
2d,Missing Translation
2d,Tribal Wars
2d,Space Miner - Idle Adventures
2d,Restoring the Past
2d,Bloody Painter Dating Sim
2d,Gemini Rue
2d,Tapple - Idle Clicker
2d,Apple Clicker
2d,Rolando The Majestic
2d,Bacon May Die
2d,Chaordic
2d,Anime Girl Puzzles
2d,Bad Dream: Fever
2d,Your Turn To Die -Death Game By Majority-
2d,Life Forge - Reborn ORPG
2d,Axiom Verge
2d,MARVEL Puzzle Quest
2d,Sigils of Elohim
2d,Lightspeed Dating
2d,DPS IDLE 2
2d,Joutsen Ara
2d,Fallout Shelter
2d,S4U: CITYPUNK 2011 AND LOVE PUNCH
2d,Perspective
2d,Poems & Codes
2d,Game Of Puzzles: Animals
2d,CatNab
2d,Pirates of Everseas
2d,SteamWorld Quest: Hand of Gilgamech
2d,Warhammer The Horus Heresy: Legions
2d,In a Detective's Mind
2d,Freakshow:Anniversary
2d,Moonring
2d,The Lancaster Leak - Entity Exam
2d,Unnamed Space Idle
2d,DeepWeb Simulator: Prologue
2d,Border Pioneer
2d,Master of Pieces ¬© Jigsaw Puzzle
2d,The Desolate Hope
"multiplayer, 2d",My Little Farmies
"multiplayer, 2d",GPRO - Classic racing manager
"multiplayer, 2d",Istrolid
"multiplayer, 2d",KING GOD DOMAIN
"multiplayer, 2d",Realm of the Mad God Exalt
"multiplayer, 2d",SUPER RECOILFIGHT
"multiplayer, 2d",My Lands: Black Gem Hunting
"multiplayer, 2d",MultiVersus
"multiplayer, 2d","Warhammer 40,000: Warpforge"
"multiplayer, 2d",Mindbug Online
"multiplayer, 2d",Past Synergy
"multiplayer, 2d",Through the Ages
"multiplayer, 2d",Goose Goose Duck
"multiplayer, 2d",Fantasmigon
"multiplayer, 2d",Dash Realm
"multiplayer, 2d",Yi Xian: The Cultivation Card Game
"multiplayer, 2d",Fork Parker's Holiday Profit Hike
"multiplayer, 2d",Tiki Brawl
"multiplayer, 2d",The Expendabros
"multiplayer, 2d",Burning Requiem: Fates
"multiplayer, 2d",Project Zomboid
"multiplayer, 2d",Reginald's Death Arena
"multiplayer, 2d",Lethal League Blaze
"multiplayer, 2d",World Series of Poker Game - WSOP
"multiplayer, 2d",Bread & Fred
"multiplayer, 2d",Party Jousting
"multiplayer, 2d",Chess 'n' Blocks
"multiplayer, 2d",DAMNOSAUR
"multiplayer, 2d",Watermelon Game
"multiplayer, 2d",My Friend Pedro
"multiplayer, 2d",Leaf Blower Revolution - Idle Game
"multiplayer, 2d",Ultimate Chicken Horse
"multiplayer, 2d",Demise of Nations
"multiplayer, 2d",Cubic Castles
"multiplayer, 2d",Transformice
"multiplayer, 2d",WAKFU
"multiplayer, 2d",Clash of Legions
"multiplayer, 2d",Tap Ninja - Idle game
"multiplayer, 2d",CS2D
"multiplayer, 2d",Tenno
"multiplayer, 2d",Pixel Puzzles Ultimate Jigsaw Puzzles
"multiplayer, 2d",Warage
"multiplayer, 2d",Cardeneer
"multiplayer, 2d",Water Rain
"multiplayer, 2d",TDP4: Team Battle
"multiplayer, 2d",Battle Islands
"multiplayer, 2d",Simutrans
"multiplayer, 2d",Fomon
"multiplayer, 2d",STUG
"multiplayer, 2d",Scribble It!
"multiplayer, 2d",California Escapades
"multiplayer, 2d",Idle Slayer
"multiplayer, 2d",Dungeon Team
"multiplayer, 2d",Super Crate Box
"multiplayer, 2d",Deepworld
"multiplayer, 2d",Arcanists
"multiplayer, 2d",McOsu
"multiplayer, 2d",Mystery Manor: hidden objects
"multiplayer, 2d",Tip of the Tongue
"multiplayer, 2d",Rival Rampage
"multiplayer, 2d",Soccer Manager 2021
"multiplayer, 2d",Realm Grinder
"multiplayer, 2d",Wild Ones Battle Stadium
"multiplayer, 2d",BattleBlock Theater¬Æ
"multiplayer, 2d",Overshadow
"multiplayer, 2d",Clicker Heroes
"multiplayer, 2d",Warhammer Combat Cards
"multiplayer, 2d",Never Split the Party
"multiplayer, 2d",Mr. Hopp's Playhouse
"multiplayer, 2d",Touhou Juuouen „Äú Unfinished Dream of All Living Ghost.
"multiplayer, 2d",Idle Clans
"multiplayer, 2d",King Arthur's Gold
"multiplayer, 2d",The Sandbox Evolution - Craft a 2D Pixel Universe!
"multiplayer, 2d",VEGA Conflict
"multiplayer, 2d",Mutants: Genesis
"multiplayer, 2d",Fishing Zone
"multiplayer, 2d",8Bit Fiesta - The Drinking Game
"multiplayer, 2d",Lords and Tactics
"multiplayer, 2d",Shinobi Warfare
"multiplayer, 2d",Keep It Steady!
"multiplayer, 2d",SYNTHETIK: Arena
"multiplayer, 2d",Bit Heroes Quest
"multiplayer, 2d",Subspace Continuum
"multiplayer, 2d",DeltaBlade 2700 Re:Create
"multiplayer, 2d",Gems of War - Puzzle RPG
"multiplayer, 2d",Echocalypse: The Scarlet Covenant
"multiplayer, 2d",A Dance of Fire and Ice
"multiplayer, 2d",Hidden in Plain Sight
"multiplayer, 2d",Graphwar
"multiplayer, 2d",Abathor - Atlantis Landing
"multiplayer, 2d",Cube Escape: Paradox
"multiplayer, 2d",Orbital Gear
"multiplayer, 2d",Out of the Park Baseball 25
"multiplayer, 2d",RPG MO
"multiplayer, 2d",Sefirot Shards
"multiplayer, 2d",Tower Keepers
"multiplayer, 2d",Pixel Starships
"multiplayer, 2d",Nothing Together
"multiplayer, 2d",Growtopia
"multiplayer, 2d",Nickelodeon All-Star Brawl 2
"multiplayer, 2d",Fantasy World Souls
"multiplayer, 2d",Loading Screen Simulator
"multiplayer, 2d",Idol Showdown
"multiplayer, 2d",Jewel Run
"multiplayer, 2d",SnekMP
"multiplayer, 2d",Worm.is: The Game
"multiplayer, 2d",Uptasia
"multiplayer, 2d",Boring Movies
"multiplayer, 2d",Hero Zero - Multiplayer RPG
"multiplayer, 2d",Pet Crossing
"multiplayer, 2d",FrankenStorm TD: Prologue
"multiplayer, 2d",Quaver
"multiplayer, 2d",Mitos.is: The Game
"multiplayer, 2d",DDNet
"multiplayer, 2d",Among Ripples
"multiplayer, 2d",0Gravity
"multiplayer, 2d",Magic Rampage
"multiplayer, 2d",Dead Maze
"multiplayer, 2d",My Sunny Resort
"multiplayer, 2d",Awesomenauts - the 2D moba
"multiplayer, 2d",OnmyojiÔºöthe card game
"multiplayer, 2d",Super Raft Boat Together
"multiplayer, 2d",THE KING OF FIGHTERS '98 ULTIMATE MATCH FINAL EDITION
"multiplayer, 2d",Calturin and Clone
"multiplayer, 2d",Morimens
"multiplayer, 2d",Texas Hold'em Poker: Pokerist
"multiplayer, 2d",Samsara Room
"multiplayer, 2d",NERTS! Online
"multiplayer, 2d",Goo Gladiators
"multiplayer, 2d",SAS: Zombie Assault 4
"multiplayer, 2d",Rolling Valley
"multiplayer, 2d",Metal Waltz: Anime tank girls
"multiplayer, 2d",Soul Guardians
"multiplayer, 2d",Age of Empires II: Definitive Edition
"multiplayer, 2d",Chadgeon: Enjoyers Edition+
"multiplayer, 2d",Gravels of Endless War
"multiplayer, 2d",Arcane Rush
"multiplayer, 2d",Boring Man - Online Tactical Stickman Combat
"multiplayer, 2d",MapleStory
"multiplayer, 2d",Crusaders of the Lost Idols
"multiplayer, 2d",Warspear Online
"multiplayer, 2d",Yu-Gi-Oh! Master Duel
"multiplayer, 2d",FFFL: Brutalball Manager
"multiplayer, 2d",Sim Companies
"multiplayer, 2d",Scott Pilgrim vs. The World‚Ñ¢: The Game ‚Äì Complete Edition
"multiplayer, 2d",Destiny Online
"multiplayer, 2d",Galaxy Burger
"multiplayer, 2d",StarBreak
"multiplayer, 2d",Deep the Game
"multiplayer, 2d",Aberoth
"multiplayer, 2d",Hades' Star
"multiplayer, 2d",SpeedRunners
"multiplayer, 2d",Teeworlds
"multiplayer, 2d",Midnight Dash
"multiplayer, 2d",DYO
"multiplayer, 2d",Recoiled
"multiplayer, 2d",OpenTTD
"multiplayer, 2d",Legend¬†of¬†the¬†Phoenix
"multiplayer, 2d",Guild Quest
"multiplayer, 2d",Fly Punch Boom: First Impact!
"multiplayer, 2d",Rogue Glitch Ultra
"multiplayer, 2d",The Old Tree
"multiplayer, 2d",Slipstream: Rogue Space
"multiplayer, 2d",Missing Translation
"multiplayer, 2d",Super Auto Pets
"multiplayer, 2d",Animation Throwdown: The Quest for Cards
"multiplayer, 2d",Chess'Extra
"multiplayer, 2d",8BitMMO
"multiplayer, 2d",My Free Zoo
"multiplayer, 2d",I Wanna Maker
"multiplayer, 2d",Firestone: Online Idle RPG
"multiplayer, 2d",Solaris
"multiplayer, 2d",Bacon May Die
"multiplayer, 2d",Cosmic Clash
"multiplayer, 2d",Puzzle Pirates
"multiplayer, 2d",Guardians: Royal Journey
"multiplayer, 2d",Knights and Merchants
"multiplayer, 2d",CROSS X CARROT
"multiplayer, 2d",Double Damnation
"multiplayer, 2d",Life Forge - Reborn ORPG
"multiplayer, 2d",MARVEL Puzzle Quest
"multiplayer, 2d",METAL SLUG DEFENSE
"multiplayer, 2d",Feed the Cups
"multiplayer, 2d",Pool 2D - Poolians
"multiplayer, 2d",GunboundM
"multiplayer, 2d",Lightspeed Dating
"multiplayer, 2d",Aurora Hills: Chapter 1
"multiplayer, 2d",Fallout Shelter
"multiplayer, 2d",Airline Manager
"multiplayer, 2d",Battle for Wesnoth
"multiplayer, 2d",RetroArch
"multiplayer, 2d",iBasket Manager 3 - Online Basketball Manager
"multiplayer, 2d",Pirates of Everseas
"multiplayer, 2d",Warhammer The Horus Heresy: Legions
"multiplayer, 2d",The Desolate Hope
"multiplayer, 2d",Relic Hunters Zero: Remix
"fps, 3d",Cartoon Strike
"fps, 3d",SCP: Containment Breach Multiplayer
"fps, 3d",Downtown Drift
"fps, 3d",Death in the Water 2
"fps, 3d",Rock Star Life Simulator
"fps, 3d",Allods Online
"fps, 3d",1v1.LOL - Battle Royale Game
"fps, 3d",The Backrooms 1998 - Found Footage Survival Horror Game
"fps, 3d",Outpost: Infinity Siege
"fps, 3d",Return to campus
"fps, 3d",Geometry Dabs - Save the World
"fps, 3d",Sven Co-op
"fps, 3d",Invention 7
"fps, 3d",Empires Mod
"fps, 3d",Warfork
"fps, 3d",FragPunk
"fps, 3d",[Chilla's Art] The Closing Shift | ÈñâÂ∫ó‰∫ã‰ª∂
"fps, 3d",FPS Chess
"fps, 3d",Agents of SomeCompany
"fps, 3d",Banana Shooter
"fps, 3d",Space Hat
"fps, 3d",Bears In Space
"fps, 3d",World Boss
"fps, 3d",Mirror Shoot
"fps, 3d",Endure Island
"fps, 3d",Kira‚òÜKano
"fps, 3d",Abyss of Neptune
"fps, 3d",Tales of Escape
"fps, 3d",ReSpaced
"fps, 3d",Mec Me Loffa
"fps, 3d",BRAZILIAN DRUG DEALER 3: I OPENED A PORTAL TO HELL IN THE FAVELA TRYING TO REVIVE MIT AIA I NEED TO CLOSE IT
"fps, 3d",War Robots VR: The Skirmish
"fps, 3d",Rent A Car Simulator 24: Prologue
"fps, 3d",GOR3
"fps, 3d",PEXIT 8
"fps, 3d",Karos
"fps, 3d",DISORDER - Save Your Family
"fps, 3d",Puppet Master: The Game
"fps, 3d",Ê≠ªÂØÇÔºàDeathly StillnessÔºâ
"fps, 3d",Enlisted
"fps, 3d",DECIDIT
"fps, 3d",Merk Mayhem
"fps, 3d",float: champions
"fps, 3d",Shrine II
"fps, 3d",Project Hardline
"fps, 3d",Royale Island Showdown
"fps, 3d",Marvel Rivals
"fps, 3d",Action Taimanin
"fps, 3d",One-armed robber
"fps, 3d",9SHOT
"fps, 3d",Real Pool 3D - Poolians
"fps, 3d",Gym Camp Simulator: Prologue
"fps, 3d",Early Mellow
"fps, 3d",Tidal Shock: Off The Hook
"fps, 3d",Dysarmia
"fps, 3d",Strinova
"fps, 3d",Krunker
"fps, 3d",Sphere 3
"fps, 3d",STRAFTAT
"fps, 3d",Bullet Rain
"fps, 3d",Way of the Hunter
"fps, 3d",Evil Sinister
"fps, 3d",Mini World: CREATA
"fps, 3d",Snake Force
"fps, 3d",Toaster Arena
"fps, 3d",Frontline Inferno
"fps, 3d",Crab Game
"fps, 3d",Delta Force
"fps, 3d",Lost Light
"fps, 3d",Practisim Designer
"fps, 3d",FREEFLOW
"fps, 3d",SCP: Nine-Tailed Fox
"fps, 3d",Slava Ukraini!
"fps, 3d",Room 54 - Horde Survival
"fps, 3d",Classic Marathon 2
"fps, 3d",Oblivity - Find your perfect Sensitivity
"fps, 3d",Goat Massacre
"fps, 3d",Flaws in the People We Love
"fps, 3d",Counter-Strike Nexon
"fps, 3d",WWR: Warfare Robots
"fps, 3d",Grappling Gunners: Arena FPS
"fps, 3d",Combat Master: Season 3
"fps, 3d",Warranty Man
"fps, 3d",Object N
"fps, 3d",Pure Sniper
"fps, 3d",Peasant Royale
"fps, 3d",AQtion
"fps, 3d",Redmatch 2
"fps, 3d",Survive The Island
"fps, 3d",Hyperchannel
"fps, 3d",Codename CURE
"fps, 3d",Spectre Divide
"fps, 3d",UpGun
"fps, action",Wild Warfare
"fps, action",Deceit
"fps, action",Cartoon Strike
"fps, action",SCP: Containment Breach Multiplayer
"fps, action",Downtown Drift
"fps, action",Death in the Water 2
"fps, action",Galaxy in Turmoil
"fps, action",TOXIKK‚Ñ¢
"fps, action",Dirty Bomb¬Æ
"fps, action",Z1 Battle Royale
"fps, action",War Trigger 2
"fps, action",Allods Online
"fps, action",Zombie Panic! Source
"fps, action",1v1.LOL - Battle Royale Game
"fps, action",SENRAN KAGURA Peach Beach Splash
"fps, action",Time Clickers
"fps, action",BCI VR Horror Attraction: The Mad Trail
"fps, action",The Backrooms 1998 - Found Footage Survival Horror Game
"fps, action",Supraball
"fps, action",Aimlabs
"fps, action",Sniper Fury
"fps, action",Operation: Harsh Doorstop
"fps, action",Zula Global
"fps, action",Outpost: Infinity Siege
"fps, action",Bloodwood Reload
"fps, action",Geometry Dabs - Save the World
"fps, action",Sven Co-op
"fps, action",Invention 7
"fps, action",KUBOOM
"fps, action",Get Stuffed!
"fps, action",Empires Mod
"fps, action",Warfork
"fps, action",Sinner 97: Prologue
"fps, action",Just Cause 2: Multiplayer Mod
"fps, action",PUBG: BATTLEGROUNDS
"fps, action",CS2D
"fps, action",FragPunk
"fps, action",Apex Legends‚Ñ¢
"fps, action",Low Light Combat
"fps, action",[Chilla's Art] The Closing Shift | ÈñâÂ∫ó‰∫ã‰ª∂
"fps, action",War Rock
"fps, action",FPS Chess
"fps, action",Pixel Strike 3D
"fps, action",Agents of SomeCompany
"fps, action",Will To Live Online
"fps, action",theHunter Classic
"fps, action",WWII: Rising
"fps, action",Banana Shooter
"fps, action",Space Hat
"fps, action",Welcome to Chornobayivka VR
"fps, action",Paladins¬Æ
"fps, action",Mean Beans
"fps, action",Bears In Space
"fps, action",Watch_Dogs¬Æ 2
"fps, action",NS2: Combat
"fps, action",World Boss
"fps, action",America's Army: Proving Grounds
"fps, action",Mirror Shoot
"fps, action",Endure Island
"fps, action",Hog Hunter 2021
"fps, action",Die Young: Prologue
"fps, action",War Trigger 3
"fps, action",Passing Pineview Forest
"fps, action",DCS World Steam Edition
"fps, action",Hired Ops
"fps, action",XERA: Survival
"fps, action",Ironsight
"fps, action",Abyss of Neptune
"fps, action",Villagers and Heroes
"fps, action",Battle Grounds III
"fps, action",Red Dead Redemption 2
"fps, action",ReSpaced
"fps, action",Tales of Escape
"fps, action",Rogue Company
"fps, action",Propagation VR
"fps, action",Fistful of Frags
"fps, action",Metal War Online: Retribution
"fps, action",Unturned
"fps, action",BRAZILIAN DRUG DEALER 3: I OPENED A PORTAL TO HELL IN THE FAVELA TRYING TO REVIVE MIT AIA I NEED TO CLOSE IT
"fps, action",Mec Me Loffa
"fps, action",Fog Of War - Free Edition
"fps, action",War Robots VR: The Skirmish
"fps, action",Fallen Earth Classic
"fps, action",Paint the Town Red
"fps, action",Team Fortress 2
"fps, action",Talvisota - Winter War
"fps, action",GOR3
"fps, action",Element Battle Royale
"fps, action",Paint Warfare
"fps, action",Brothers in Arms: Earned in Blood‚Ñ¢
"fps, action",Karos
"fps, action",DISORDER - Save Your Family
"fps, action",BrainBread 2
"fps, action",Kagura Survivors: Endless Night
"fps, action",Puppet Master: The Game
"fps, action",Copa Petrobras de Marcas
"fps, action",Gear Up
"fps, action",Ê≠ªÂØÇÔºàDeathly StillnessÔºâ
"fps, action",Enlisted
"fps, action",Blood Strike
"fps, action",DECIDIT
"fps, action",Tainted Grail: The Fall of Avalon
"fps, action",Sniper 3D Assassin: Free to Play
"fps, action",Ready or Not
"fps, action",Half-Life Deathmatch: Source
"fps, action",Rounds of Zombies
"fps, action",The Local
"fps, action",Milkyway Funland
"fps, action",Merk Mayhem
"fps, action",Double Action: Boogaloo
"fps, action",float: champions
"fps, action",Shrine II
"fps, action",Project Hardline
"fps, action",World of Tanks Blitz
"fps, action",Royale Island Showdown
"fps, action",BLOCKADE
"fps, action",Marvel Rivals
"fps, action",RockShot
"fps, action",The Creature Zone VR: Welcome To Dystopia
"fps, action",Pirate Fighting Simulator
"fps, action",Police Shootout: Prologue
"fps, action",Battlefield‚Ñ¢ 2042
"fps, action",Action Taimanin
"fps, action",One-armed robber
"fps, action",Combat Arms: Reloaded
"fps, action",Trans-Siberian Railway Simulator
"fps, action",9SHOT
"fps, action",Call of Duty¬Æ: Modern Warfare¬Æ 2 (2009)
"fps, action",Nighthunt
"fps, action",Real Pool 3D - Poolians
"fps, action",Overwatch¬Æ 2
"fps, action",Early Mellow
"fps, action",Tidal Shock: Off The Hook
"fps, action",Dysarmia
"fps, action",Strinova
"fps, action",Worm.is: The Game
"fps, action",POLYGON
"fps, action",GunZ 2: The Second Duel
"fps, action",Krunker
"fps, action",Glitchspace
"fps, action",Sphere 3
"fps, action",Red Orchestra 2: Heroes of Stalingrad with Rising Storm
"fps, action",Deducto
"fps, action",STRAFTAT
"fps, action",Quake Champions
"fps, action",Bullet Rain
"fps, action",Command & Conquer Renegade‚Ñ¢
"fps, action",7 Days to Die
"fps, action","Pirates, Vikings, and Knights II"
"fps, action",Microsoft Allegiance
"fps, action",Devolverland Expo
"fps, action",Block N Load
"fps, action",WWII Online
"fps, action",MechWarrior Online‚Ñ¢ Legends
"fps, action",I Am Your Beast
"fps, action",Infestation: The New Z
"fps, action",Evil Sinister
"fps, action",Z1 Battle Royale: Test Server
"fps, action",Snake Force
"fps, action",Destiny 2
"fps, action",Toaster Arena
"fps, action",The Desert's Rose
"fps, action",Frontline Inferno
"fps, action",Crab Game
"fps, action",CRSED: Cuisine Royale
"fps, action",Delta Force
"fps, action",Lost Light
"fps, action",Splitgate
"fps, action",Island Saver
"fps, action",Practisim Designer
"fps, action",SCP: Nine-Tailed Fox
"fps, action",Slava Ukraini!
"fps, action",PlanetSide 2
"fps, action",Room 54 - Horde Survival
"fps, action",Blastworld
"fps, action",BRINK
"fps, action",Oblivity - Find your perfect Sensitivity
"fps, action",Classic Marathon 2
"fps, action",No More Room in Hell
"fps, action",Black Squad
"fps, action",Goat Massacre
"fps, action",Boiling Steel: Preface
"fps, action",Containment Corps
"fps, action",Bean Battles
"fps, action",BLOCKPOST LEGACY
"fps, action",Seena VR (Beta)
"fps, action",Anarchy: Wolf's law : Prologue
"fps, action",Counter-Strike Nexon
"fps, action",AirBuccaneers
"fps, action",WWR: Warfare Robots
"fps, action",F.E.A.R. 2: Project Origin
"fps, action",Grappling Gunners: Arena FPS
"fps, action",SCP: Secret Laboratory
"fps, action",Combat Master: Season 3
"fps, action",Warranty Man
"fps, action",Combat Arms: the Classic
"fps, action",Pure Sniper
"fps, action",Zero Grounds
"fps, action",Object N
"fps, action",Epic Roller Coasters
"fps, action",Transmissions: Element 120
"fps, action",Panic Station VR
"fps, action",Sword Art Online: Fatal Bullet
"fps, action",A.W.O.L.
"fps, action",THE FINALS
"fps, action",Peasant Royale
"fps, action",Aimtastic
"fps, action",Stay Out
"fps, action",Riders of Icarus
"fps, action",Gunsmith Simulator: Prologue
"fps, action",Stellar Survivor
"fps, action",A.V.A Global
"fps, action",Overload Playable Teaser 3.0
"fps, action",AQtion
"fps, action",STALCRAFT: X
"fps, action",BlackShot: Mercenary Warfare FPS
"fps, action",Redmatch 2
"fps, action",Halo Infinite
"fps, action",Survive The Island
"fps, action",Plastic Playground
"fps, action",Hyperchannel
"fps, action",Banana & Cucumber
"fps, action",Codename CURE
"fps, action",Cry of Fear
"fps, action",Multiplayer FPS Demo
"fps, action",Stay in the Light
"fps, action",Spectre Divide
"fps, action",UpGun
